epoch,accuracy,loss,val_accuracy,val_loss
0,0.7752809,0.6638189554214478,1.0,0.5695596933364868
1,0.92134833,0.57991623878479,1.0,0.5073455572128296
2,0.92134833,0.5169812440872192,1.0,0.4462907314300537
3,0.9325843,0.45668238401412964,1.0,0.3885784447193146
4,0.94382024,0.4003928005695343,1.0,0.3332183361053467
5,0.9775281,0.34535229206085205,1.0,0.2834743559360504
6,0.9775281,0.2953173518180847,1.0,0.23617549240589142
7,0.98876405,0.24803024530410767,1.0,0.1941092163324356
8,0.98876405,0.20603471994400024,1.0,0.15698735415935516
9,0.98876405,0.16854240000247955,1.0,0.12531910836696625
10,1.0,0.1355247050523758,1.0,0.09894467145204544
11,1.0,0.10748592019081116,1.0,0.0772465243935585
12,1.0,0.0841669887304306,1.0,0.05968635156750679
13,1.0,0.06511338800191879,1.0,0.045785628259181976
14,1.0,0.05001744627952576,1.0,0.03488984704017639
15,1.0,0.038094501942396164,1.0,0.026514550670981407
16,1.0,0.02891949564218521,1.0,0.020143723115324974
17,1.0,0.021968647837638855,1.0,0.015329212881624699
18,1.0,0.016722746193408966,1.0,0.011697586625814438
19,1.0,0.012776235118508339,1.0,0.009002020582556725
20,1.0,0.009841842576861382,1.0,0.006945786997675896
21,1.0,0.007616134360432625,1.0,0.00539060402661562
22,1.0,0.005941559094935656,1.0,0.00421447679400444
23,1.0,0.004680105485022068,1.0,0.0033266188111156225
24,1.0,0.0037258099764585495,1.0,0.0026538714300841093
25,1.0,0.0029989664908498526,1.0,0.002141444245353341
26,1.0,0.0024423201102763414,1.0,0.0017518592067062855
27,1.0,0.002016267506405711,1.0,0.0014493507333099842
28,1.0,0.001682740869000554,1.0,0.0012099863961338997
29,1.0,0.0014164726017042994,1.0,0.0010234970832243562
0,0.5280899,0.7030120491981506,0.8695651888847351,0.614821195602417
1,0.92134833,0.6224551796913147,0.95652174949646,0.5421748757362366
2,0.9325843,0.5496218204498291,0.95652174949646,0.4743434190750122
3,0.94382024,0.4833226501941681,0.95652174949646,0.4169270098209381
4,0.9550562,0.42710962891578674,1.0,0.3634818196296692
5,0.96629214,0.3747026324272156,1.0,0.3136158287525177
6,0.96629214,0.32554447650909424,1.0,0.26630711555480957
7,0.9775281,0.2787109613418579,1.0,0.22381025552749634
8,0.9775281,0.23593874275684357,1.0,0.18592356145381927
9,0.98876405,0.19739164412021637,1.0,0.15292121469974518
10,0.98876405,0.1633245348930359,1.0,0.12441349029541016
11,1.0,0.13359799981117249,1.0,0.10013603419065475
12,1.0,0.10795370489358902,1.0,0.07973381876945496
13,1.0,0.08610524237155914,1.0,0.06269413232803345
14,1.0,0.06779200583696365,1.0,0.04877254366874695
15,1.0,0.0527307353913784,1.0,0.037812985479831696
16,1.0,0.04067739099264145,1.0,0.02921776846051216
17,1.0,0.031222771853208542,1.0,0.022563841193914413
18,1.0,0.023959403857588768,1.0,0.01748114638030529
19,1.0,0.018404852598905563,1.0,0.013647401705384254
20,1.0,0.014168118126690388,1.0,0.010742899030447006
21,1.0,0.011008478701114655,1.0,0.008487303741276264
22,1.0,0.008595040999352932,1.0,0.00675180833786726
23,1.0,0.0067586577497422695,1.0,0.005433021578937769
24,1.0,0.005376019049435854,1.0,0.004405176267027855
25,1.0,0.0043045454658567905,1.0,0.0036137031856924295
26,1.0,0.003488678950816393,1.0,0.002986727748066187
27,1.0,0.002846566028892994,1.0,0.0024915202520787716
28,1.0,0.0023451256565749645,1.0,0.002103908685967326
29,1.0,0.0019558032508939505,1.0,0.0017908551963046193
0,0.7977528,0.623841343970781,0.95652174949646,0.47908976674079895
1,0.94382024,0.43299154016409025,0.95652174949646,0.3294850289821625
2,0.94382024,0.2978146052762364,0.95652174949646,0.21297475695610046
3,0.96629214,0.1925255311339089,1.0,0.12835749983787537
4,0.98876405,0.1150219997998034,1.0,0.07113397121429443
5,1.0,0.06535983253061102,1.0,0.03902270644903183
6,1.0,0.0353567385732123,1.0,0.021555418148636818
7,1.0,0.020049938408846266,1.0,0.01232000533491373
8,1.0,0.012129409866554013,1.0,0.007411557715386152
9,1.0,0.007026344909217585,1.0,0.004729037173092365
10,1.0,0.0046984218453381505,1.0,0.0031831369269639254
11,1.0,0.00314401878106795,1.0,0.0022654663771390915
12,1.0,0.002237769097529268,1.0,0.001696832594461739
13,1.0,0.001727023282287161,1.0,0.0013286855537444353
14,1.0,0.0013468733392237278,1.0,0.0010841591283679008
15,1.0,0.0011130275346699766,1.0,0.0009134507272392511
16,1.0,0.0009222419231376621,1.0,0.0007936318870633841
17,1.0,0.0007941644067164469,1.0,0.0007052160217426717
18,1.0,0.0007140570532091046,1.0,0.0006370378541760147
19,1.0,0.0006432970043983352,1.0,0.0005840489757247269
20,1.0,0.0005824937585877317,1.0,0.0005420568049885333
21,1.0,0.0005366193618510295,1.0,0.0005079268012195826
22,1.0,0.0005032347771600726,1.0,0.00047914229799062014
23,1.0,0.00047321694385092915,1.0,0.00045446815784089267
24,1.0,0.00044396045693625394,1.0,0.00043326924787834287
25,1.0,0.00042352797345812903,1.0,0.00041414384031668305
26,1.0,0.00040319824481403895,1.0,0.0003968541568610817
27,1.0,0.00038357841091628156,1.0,0.0003814783412963152
28,1.0,0.0003674321630027857,1.0,0.0003671625454444438
29,1.0,0.00035255138233848167,1.0,0.00035384506918489933
0,0.4057971,0.7005422711372375,0.9666666388511658,0.6279451847076416
1,0.98550725,0.6184170246124268,1.0,0.5562295317649841
2,0.95652175,0.5474013090133667,0.9666666388511658,0.4939979612827301
3,0.95652175,0.48655518889427185,0.9666666388511658,0.4390489161014557
4,0.95652175,0.4327825605869293,0.9666666388511658,0.3906073272228241
5,0.95652175,0.3834848403930664,0.9666666388511658,0.34535136818885803
6,0.95652175,0.337396502494812,0.9666666388511658,0.3029685318470001
7,0.95652175,0.2948829233646393,0.9666666388511658,0.2640754282474518
8,0.95652175,0.2557167708873749,0.9666666388511658,0.2281685769557953
9,0.95652175,0.22005634009838104,0.9666666388511658,0.19527682662010193
10,0.95652175,0.18761172890663147,0.9666666388511658,0.16579781472682953
11,0.95652175,0.15822379291057587,0.9666666388511658,0.13943155109882355
12,0.95652175,0.13176687061786652,1.0,0.11614277958869934
13,1.0,0.10833912342786789,1.0,0.0960254967212677
14,1.0,0.08793853968381882,1.0,0.07877914607524872
15,1.0,0.07076697051525116,1.0,0.06415197998285294
16,1.0,0.05658812075853348,1.0,0.05211702361702919
17,1.0,0.04510972276329994,1.0,0.04233481362462044
18,1.0,0.03585442155599594,1.0,0.0343744233250618
19,1.0,0.02854994870722294,1.0,0.027987515553832054
20,1.0,0.022823143750429153,1.0,0.02285062149167061
21,1.0,0.018304983153939247,1.0,0.01872623711824417
22,1.0,0.0147471372038126,1.0,0.015410203486680984
23,1.0,0.011940491385757923,1.0,0.01274449285119772
24,1.0,0.00973558984696865,1.0,0.010600825771689415
25,1.0,0.008009609766304493,1.0,0.008884129114449024
26,1.0,0.006639435887336731,1.0,0.007495530415326357
27,1.0,0.0055473241955041885,1.0,0.006368468981236219
28,1.0,0.0046770405024290085,1.0,0.005452038254588842
29,1.0,0.003985161893069744,1.0,0.0047018323093652725
0,0.8115942,0.6350556326949078,0.9666666388511658,0.45795726776123047
1,0.95652175,0.41294770396274066,0.9666666388511658,0.3062087893486023
2,0.95652175,0.2721289445956548,0.9666666388511658,0.2046647071838379
3,0.95652175,0.17715182252552197,0.9666666388511658,0.1401187628507614
4,0.95652175,0.11514609188273334,0.9666666388511658,0.09375748783349991
5,0.9710145,0.06744753623354262,0.9666666388511658,0.059797294437885284
6,1.0,0.04166412105162939,1.0,0.036776233464479446
7,1.0,0.02536184366360523,1.0,0.023884328082203865
8,1.0,0.015770469886669213,1.0,0.016351573169231415
9,1.0,0.010699211012410082,1.0,0.011609026230871677
10,1.0,0.007726735563651807,1.0,0.008564458228647709
11,1.0,0.005530033117173699,1.0,0.0065293703228235245
12,1.0,0.004238162676051286,1.0,0.005140172317624092
13,1.0,0.003347669100469869,1.0,0.00418322766199708
14,1.0,0.0027311830313208147,1.0,0.0035070052836090326
15,1.0,0.002226895747193392,1.0,0.0029903093818575144
16,1.0,0.001957648287382166,1.0,0.002563012996688485
17,1.0,0.0016544788807590046,1.0,0.002249098150059581
18,1.0,0.0014577534136639072,1.0,0.002006166148930788
19,1.0,0.0013231231765214193,1.0,0.0018116533756256104
20,1.0,0.0011883565710614557,1.0,0.0016531964065507054
21,1.0,0.0010900898380803983,1.0,0.001519866636954248
22,1.0,0.0009997606774023566,1.0,0.001412370358593762
23,1.0,0.0009334331115351761,1.0,0.0013228956377133727
24,1.0,0.0008611664095002672,1.0,0.0012414444936439395
25,1.0,0.0008190513050278136,1.0,0.0011555366218090057
26,1.0,0.0007602858076216248,1.0,0.0010845797369256616
27,1.0,0.0007171843122520933,1.0,0.0010232838103547692
28,1.0,0.0006714592708031769,1.0,0.0009710973245091736
29,1.0,0.0006375984386608436,1.0,0.0009213303565047681
0,0.9527027010917664,0.5808203220367432,0.9375,0.4636763036251068
1,0.9662162065505981,0.4319407343864441,0.9375,0.3473891615867615
2,0.9662162065505981,0.3205939531326294,0.9375,0.2647850513458252
3,0.9662162065505981,0.2339250147342682,0.9375,0.19957643747329712
4,0.9662162065505981,0.1674749255180359,0.9375,0.14945249259471893
5,0.9662162065505981,0.11787661910057068,0.9375,0.11171028017997742
6,0.9662162065505981,0.08343902975320816,0.9375,0.08042813837528229
7,0.9662162065505981,0.05629061907529831,0.96875,0.05618797987699509
8,1.0,0.0386376716196537,1.0,0.03760773688554764
9,1.0,0.026649069041013718,1.0,0.025281725451350212
10,1.0,0.017820412293076515,1.0,0.01741918921470642
11,1.0,0.012690665200352669,1.0,0.012236750684678555
12,1.0,0.009232273325324059,1.0,0.008860860951244831
13,1.0,0.006922186352312565,1.0,0.006587550044059753
14,1.0,0.005234466399997473,1.0,0.005006969906389713
15,1.0,0.004097659140825272,1.0,0.0038898868951946497
16,1.0,0.003206999506801367,1.0,0.0030709654092788696
17,1.0,0.0025745138991624117,1.0,0.0024653058499097824
18,1.0,0.0021575952414423227,1.0,0.002011634176596999
19,1.0,0.0018124983180314302,1.0,0.0016659038374200463
20,1.0,0.001536807045340538,1.0,0.0014057108201086521
21,1.0,0.0013372852699831128,1.0,0.0012027777265757322
22,1.0,0.001177962520159781,1.0,0.0010436178417876363
23,1.0,0.0010261980351060629,1.0,0.0009189940756186843
24,1.0,0.0009305058047175407,1.0,0.0008181626326404512
25,1.0,0.0008448507287539542,1.0,0.0007368990918621421
26,1.0,0.0007712002843618393,1.0,0.0006703928811475635
27,1.0,0.0007137684151530266,1.0,0.0006146131781861186
28,1.0,0.0006579142645932734,1.0,0.0005676174187101424
29,1.0,0.0006193917361088097,1.0,0.0005265545914880931
0,0.9054054021835327,0.5314492583274841,0.9375,0.36260849237442017
1,0.9662162065505981,0.2796318531036377,0.9375,0.19986525177955627
2,0.9662162065505981,0.1327429562807083,0.96875,0.07539926469326019
3,1.0,0.05061515048146248,1.0,0.02594883367419243
4,1.0,0.01911979168653488,1.0,0.009039705619215965
5,1.0,0.007929019629955292,1.0,0.0040087345987558365
6,1.0,0.004033584147691727,1.0,0.002170789986848831
7,1.0,0.0024308220017701387,1.0,0.001387762720696628
8,1.0,0.0015582299092784524,1.0,0.0009824475273489952
9,1.0,0.0010970677249133587,1.0,0.0007593685295432806
10,1.0,0.0008792659500613809,1.0,0.0006281360401771963
11,1.0,0.0007337780552916229,1.0,0.0005461323307827115
12,1.0,0.0006190233980305493,1.0,0.0004869720432907343
13,1.0,0.0005532694049179554,1.0,0.00044595851795747876
14,1.0,0.0004991255118511617,1.0,0.0004083387029822916
15,1.0,0.0004527023993432522,1.0,0.000377669814042747
16,1.0,0.00041710512596182525,1.0,0.000352526200003922
17,1.0,0.00038560948451049626,1.0,0.000332178664393723
18,1.0,0.000360609294148162,1.0,0.0003134645812679082
19,1.0,0.00033760422957129776,1.0,0.00029559381073340774
20,1.0,0.00031681606196798384,1.0,0.0002777929767034948
21,1.0,0.0002971324429381639,1.0,0.00026148499455302954
22,1.0,0.0002803090028464794,1.0,0.00024839359684847295
23,1.0,0.00026410561986267567,1.0,0.0002357753401156515
24,1.0,0.00025113383890129626,1.0,0.00022507368703372777
25,1.0,0.0002367095003137365,1.0,0.00021605062647722661
26,1.0,0.00022553055896423757,1.0,0.0002066167362499982
27,1.0,0.00021235282474663109,1.0,0.00019845127826556563
28,1.0,0.00020283371850382537,1.0,0.00019046160741709173
29,1.0,0.0001923004601849243,1.0,0.0001830868422985077
0,0.9256756901741028,0.6312568187713623,0.953125,0.5496871471405029
1,0.9594594836235046,0.5183950066566467,0.953125,0.44897133111953735
2,0.9594594836235046,0.41901159286499023,0.953125,0.3586193323135376
3,0.9594594836235046,0.3313530385494232,0.953125,0.2786216139793396
4,0.9594594836235046,0.2524883449077606,0.953125,0.20921671390533447
5,0.9594594836235046,0.1869245171546936,0.953125,0.15420249104499817
6,0.9594594836235046,0.1360073834657669,0.953125,0.11186076700687408
7,0.9594594836235046,0.09736046940088272,0.953125,0.0806751400232315
8,0.9729729890823364,0.07040351629257202,0.984375,0.05810591205954552
9,0.9864864945411682,0.0497421994805336,1.0,0.04157004505395889
10,1.0,0.035868264734745026,1.0,0.030318016186356544
11,1.0,0.026142947375774384,1.0,0.022510306909680367
12,1.0,0.019020695239305496,1.0,0.017053505405783653
13,1.0,0.013903957791626453,1.0,0.013085097074508667
14,1.0,0.01086763571947813,1.0,0.010219298303127289
15,1.0,0.008534001186490059,1.0,0.008030255325138569
16,1.0,0.0067505305632948875,1.0,0.006385997869074345
17,1.0,0.005224915686994791,1.0,0.005137401632964611
18,1.0,0.004263183567672968,1.0,0.0041388217359781265
19,1.0,0.0033942493610084057,1.0,0.0033574404660612345
20,1.0,0.0028227108996361494,1.0,0.002743888646364212
21,1.0,0.0023152874782681465,1.0,0.0022699637338519096
22,1.0,0.0018935499247163534,1.0,0.00190270587336272
23,1.0,0.0015889049973338842,1.0,0.001612829859368503
24,1.0,0.0013775676488876343,1.0,0.0013815420679748058
25,1.0,0.0011894855415448546,1.0,0.0011998680420219898
26,1.0,0.0010282857110723853,1.0,0.0010556811466813087
27,1.0,0.0009077469003386796,1.0,0.0009393619257025421
28,1.0,0.0008020939421840012,1.0,0.0008439262164756656
29,1.0,0.0007389085367321968,1.0,0.0007636017398908734
0,0.8851351141929626,0.5424419045448303,0.953125,0.37933239340782166
1,0.9594594836235046,0.2935344874858856,0.953125,0.20279085636138916
2,0.9594594836235046,0.1435721218585968,0.96875,0.08936834335327148
3,0.9932432174682617,0.058356549590826035,1.0,0.03511044383049011
4,1.0,0.02115580439567566,1.0,0.014551075175404549
5,1.0,0.009258277714252472,1.0,0.006627196446061134
6,1.0,0.004608042538166046,1.0,0.003571797627955675
7,1.0,0.0026806052774190903,1.0,0.0022502681240439415
8,1.0,0.0017403174424543977,1.0,0.001596936141140759
9,1.0,0.0012909657089039683,1.0,0.001230589346960187
10,1.0,0.0010467246174812317,1.0,0.001001510419882834
11,1.0,0.0008625334012322128,1.0,0.0008534964872524142
12,1.0,0.0007489925483241677,1.0,0.0007478122133761644
13,1.0,0.0006659251521341503,1.0,0.0006693274481222034
14,1.0,0.0006055907579138875,1.0,0.0006081859464757144
15,1.0,0.0005475097568705678,1.0,0.0005600873846560717
16,1.0,0.0005055805086158216,1.0,0.000519533350598067
17,1.0,0.0004716247785836458,1.0,0.0004843190545216203
18,1.0,0.0004387008666526526,1.0,0.00045417173532769084
19,1.0,0.0004107047861907631,1.0,0.00042712612776085734
20,1.0,0.00038641277933493257,1.0,0.0004016314633190632
21,1.0,0.0003624950477387756,1.0,0.00037801856524311006
22,1.0,0.00034253380727022886,1.0,0.00035610131453722715
23,1.0,0.0003227856650482863,1.0,0.0003362440038472414
24,1.0,0.000303838838590309,1.0,0.00031877850415185094
25,1.0,0.00028649353771470487,1.0,0.00030165439238771796
26,1.0,0.00027173550915904343,1.0,0.00028569326968863606
27,1.0,0.0002584005706012249,1.0,0.00027066125767305493
28,1.0,0.00024388475867453963,1.0,0.00025683181593194604
29,1.0,0.0002310778945684433,1.0,0.00024418134125880897
0,0.5608108043670654,0.6761576533317566,0.984375,0.5729458928108215
1,1.0,0.5576879978179932,0.953125,0.47548431158065796
2,0.9594594836235046,0.46517449617385864,0.953125,0.38927900791168213
3,0.9594594836235046,0.3788205087184906,0.953125,0.30819156765937805
4,0.9594594836235046,0.2972337305545807,0.953125,0.2354215383529663
5,0.9594594836235046,0.2235575169324875,0.953125,0.17458811402320862
6,0.9729729890823364,0.16133247315883636,0.953125,0.1279011070728302
7,0.9864864945411682,0.1132730171084404,0.953125,0.09003984183073044
8,0.9932432174682617,0.07556730508804321,0.96875,0.060391396284103394
9,1.0,0.0492781437933445,1.0,0.038385383784770966
10,1.0,0.03113662265241146,1.0,0.023928755894303322
11,1.0,0.019751865416765213,1.0,0.014786072075366974
12,1.0,0.013082263059914112,1.0,0.009107844904065132
13,1.0,0.008448406122624874,1.0,0.0057610636577010155
14,1.0,0.005663050804287195,1.0,0.003767375135794282
15,1.0,0.004105189815163612,1.0,0.002526376862078905
16,1.0,0.0029153008945286274,1.0,0.0017656311392784119
17,1.0,0.0022236465010792017,1.0,0.0012871100334450603
18,1.0,0.0017329329857602715,1.0,0.0009757374646142125
19,1.0,0.0013589897425845265,1.0,0.0007673031650483608
20,1.0,0.0011244624620303512,1.0,0.0006223684176802635
21,1.0,0.000946523854508996,1.0,0.0005177323473617435
22,1.0,0.0008080767001956701,1.0,0.0004420250770635903
23,1.0,0.0007031375425867736,1.0,0.00038557284278795123
24,1.0,0.0006289718439802527,1.0,0.000342555227689445
25,1.0,0.0005686620133928955,1.0,0.0003092406259384006
26,1.0,0.0005175192491151392,1.0,0.00028295337688177824
27,1.0,0.00047168880701065063,1.0,0.0002619373262859881
28,1.0,0.00044015925959683955,1.0,0.0002445742138661444
29,1.0,0.0004129549488425255,1.0,0.00023033158504404128
0,0.837837815284729,0.5729751586914062,0.984375,0.3845885396003723
1,0.9797297120094299,0.3296934962272644,0.96875,0.19426505267620087
2,0.9932432174682617,0.16063208878040314,1.0,0.0818367525935173
3,1.0,0.06683419644832611,1.0,0.03066212311387062
4,1.0,0.025150742381811142,1.0,0.011361092329025269
5,1.0,0.00958653911948204,1.0,0.004994504153728485
6,1.0,0.004704362712800503,1.0,0.00226346543058753
7,1.0,0.002506686607375741,1.0,0.0012875592801719904
8,1.0,0.0016422829357907176,1.0,0.0008404299151152372
9,1.0,0.0011268295347690582,1.0,0.0006166294333525002
10,1.0,0.0008598385029472411,1.0,0.0004821658367291093
11,1.0,0.0007168601150624454,1.0,0.00039916843525134027
12,1.0,0.000608603295404464,1.0,0.0003435347753111273
13,1.0,0.0005268331151455641,1.0,0.0003094211861025542
14,1.0,0.00046730219037272036,1.0,0.00028309071785770357
15,1.0,0.00042678703903220594,1.0,0.00026077358052134514
16,1.0,0.0003889805229846388,1.0,0.0002449859166517854
17,1.0,0.0003587768296711147,1.0,0.00022844551131129265
18,1.0,0.00033165959757752717,1.0,0.00021495032706297934
19,1.0,0.00030568469082936645,1.0,0.00019820037414319813
20,1.0,0.0002858896041288972,1.0,0.00018548814114183187
21,1.0,0.0002679051540326327,1.0,0.00017553180805407465
22,1.0,0.0002503518189769238,1.0,0.0001668419427005574
23,1.0,0.00023672726820223033,1.0,0.0001574407215230167
24,1.0,0.00021976670541334897,1.0,0.00014892609033267945
25,1.0,0.00020835398754570633,1.0,0.00014310766709968448
26,1.0,0.0001940806832863018,1.0,0.00013553304597735405
27,1.0,0.00018680107314139605,1.0,0.00012844579759985209
28,1.0,0.00017523547285236418,1.0,0.0001225161977345124
29,1.0,0.00016436915029771626,1.0,0.0001168450980912894
0,0.5675675868988037,0.6772394776344299,1.0,0.538120687007904
1,0.9729729890823364,0.5344163179397583,0.984375,0.40490496158599854
2,0.9459459185600281,0.4191899299621582,0.984375,0.2916144132614136
3,0.9459459185600281,0.31907716393470764,0.984375,0.1996104121208191
4,0.9459459185600281,0.23839636147022247,0.984375,0.13121181726455688
5,0.9527027010917664,0.16969479620456696,1.0,0.08387255668640137
6,0.9864864945411682,0.11504014581441879,1.0,0.05176188796758652
7,1.0,0.07416543364524841,1.0,0.03130970895290375
8,1.0,0.04808359593153,1.0,0.018855616450309753
9,1.0,0.030700525268912315,1.0,0.011426516808569431
10,1.0,0.019292373210191727,1.0,0.006994577124714851
11,1.0,0.012864631600677967,1.0,0.004333792719990015
12,1.0,0.00857580453157425,1.0,0.002735647838562727
13,1.0,0.005902934819459915,1.0,0.0017849323339760303
14,1.0,0.00415260111913085,1.0,0.001208287081681192
15,1.0,0.00301574170589447,1.0,0.0008482111152261496
16,1.0,0.002336883917450905,1.0,0.0006165871163830161
17,1.0,0.001797008910216391,1.0,0.00046479140291921794
18,1.0,0.0014208455104380846,1.0,0.0003621326759457588
19,1.0,0.001149114454165101,1.0,0.0002903772401623428
20,1.0,0.0009738242952153087,1.0,0.0002392019086983055
21,1.0,0.0008229338563978672,1.0,0.00020202540326863527
22,1.0,0.0007239615661092103,1.0,0.00017408988787792623
23,1.0,0.0006402973085641861,1.0,0.00015273662575054914
24,1.0,0.0005779163911938667,1.0,0.00013613488408736885
25,1.0,0.0005168220959603786,1.0,0.00012308575969655067
26,1.0,0.0004789224185515195,1.0,0.00011246783833485097
27,1.0,0.0004430190601851791,1.0,0.00010383508924860507
28,1.0,0.0004121167294215411,1.0,9.662552474765107e-05
29,1.0,0.0003915214037988335,1.0,9.049508662428707e-05
0,0.9459459185600281,0.5131532549858093,1.0,0.3022470772266388
1,0.9662162065505981,0.2618219554424286,1.0,0.11471165716648102
2,1.0,0.1121145710349083,1.0,0.03681033477187157
3,1.0,0.03947775065898895,1.0,0.011134427972137928
4,1.0,0.013850397430360317,1.0,0.003702111542224884
5,1.0,0.005797910504043102,1.0,0.001422117929905653
6,1.0,0.0026494190096855164,1.0,0.000672766997013241
7,1.0,0.001571321627125144,1.0,0.0003809869522228837
8,1.0,0.0010742531158030033,1.0,0.00024968720390461385
9,1.0,0.0008000056841410697,1.0,0.0001831964182201773
10,1.0,0.0006200495408847928,1.0,0.00014637227286584675
11,1.0,0.0005265087820589542,1.0,0.0001235168892890215
12,1.0,0.000459235452581197,1.0,0.00010838966409210116
13,1.0,0.0004138096119277179,1.0,9.742927795741707e-05
14,1.0,0.0003765934088733047,1.0,8.927939779823646e-05
15,1.0,0.0003498951846268028,1.0,8.270230318885297e-05
16,1.0,0.00032866725814528763,1.0,7.700925198150799e-05
17,1.0,0.00030925014289096,1.0,7.215575169539079e-05
18,1.0,0.00029101897962391376,1.0,6.792022031731904e-05
19,1.0,0.00027445447631180286,1.0,6.413699884433299e-05
20,1.0,0.000262372283032164,1.0,6.045423651812598e-05
21,1.0,0.0002477239759173244,1.0,5.716049417969771e-05
22,1.0,0.00023605485330335796,1.0,5.403800241765566e-05
23,1.0,0.0002226600918220356,1.0,5.139400309417397e-05
24,1.0,0.00021318698418326676,1.0,4.878531763097271e-05
25,1.0,0.0002035739307757467,1.0,4.635722143575549e-05
26,1.0,0.00019378260185476393,1.0,4.414509385242127e-05
27,1.0,0.0001846773666329682,1.0,4.209306644042954e-05
28,1.0,0.00017647072672843933,1.0,4.013785292045213e-05
29,1.0,0.00016897260502446443,1.0,3.8286903873085976e-05
0,0.5337837934494019,0.6866535544395447,0.953125,0.5869120359420776
1,0.9797297120094299,0.5741701722145081,0.9375,0.49686455726623535
2,0.9662162065505981,0.4789137840270996,0.9375,0.41035813093185425
3,0.9662162065505981,0.3898322284221649,0.9375,0.33217132091522217
4,0.9662162065505981,0.3071258068084717,0.9375,0.2630849778652191
5,0.9662162065505981,0.23560503125190735,0.9375,0.20387409627437592
6,0.9662162065505981,0.17491509020328522,0.953125,0.15204863250255585
7,0.9864864945411682,0.12419946491718292,0.96875,0.10697069764137268
8,0.9864864945411682,0.08464609086513519,1.0,0.07192835211753845
9,1.0,0.0550614632666111,1.0,0.047347359359264374
10,1.0,0.036259278655052185,1.0,0.03033740445971489
11,1.0,0.023932820186018944,1.0,0.020000256597995758
12,1.0,0.015794148668646812,1.0,0.013733772560954094
13,1.0,0.010812247171998024,1.0,0.009741542860865593
14,1.0,0.0074918558821082115,1.0,0.0071334135718643665
15,1.0,0.005458177533000708,1.0,0.00537401158362627
16,1.0,0.0040670400485396385,1.0,0.004162264056503773
17,1.0,0.003049313323572278,1.0,0.0033111642114818096
18,1.0,0.002432148437947035,1.0,0.0026975302025675774
19,1.0,0.0019393828697502613,1.0,0.0022505884990096092
20,1.0,0.0015842271968722343,1.0,0.0019161677919328213
21,1.0,0.001332382089458406,1.0,0.0016619187081232667
22,1.0,0.0011381612857803702,1.0,0.0014653860125690699
23,1.0,0.000991932232864201,1.0,0.0013102238299325109
24,1.0,0.0008766965474933386,1.0,0.0011863171821460128
25,1.0,0.0007940100040286779,1.0,0.001085978583432734
26,1.0,0.0007169346790760756,1.0,0.0010044797090813518
27,1.0,0.0006522707408294082,1.0,0.0009369679028168321
28,1.0,0.0006061519379727542,1.0,0.0008794405730441213
29,1.0,0.0005665199714712799,1.0,0.0008303868817165494
0,0.8040540814399719,0.5817208290100098,0.9375,0.4064180254936218
1,0.9662162065505981,0.3221435844898224,0.9375,0.23169934749603271
2,0.9662162065505981,0.15927840769290924,0.953125,0.11708052456378937
3,0.9864864945411682,0.06563322246074677,1.0,0.04626215994358063
4,1.0,0.022575760260224342,1.0,0.01808859221637249
5,1.0,0.008892803452908993,1.0,0.0076289791613817215
6,1.0,0.0038849078118801117,1.0,0.004020533058792353
7,1.0,0.002245566574856639,1.0,0.0024714551400393248
8,1.0,0.0013336691772565246,1.0,0.0017316157463937998
9,1.0,0.0009798554237931967,1.0,0.001319477567449212
10,1.0,0.0007149287266656756,1.0,0.0010810589883476496
11,1.0,0.0005976823740638793,1.0,0.0009214053861796856
12,1.0,0.0005013539339415729,1.0,0.0008136539254337549
13,1.0,0.00044499943032860756,1.0,0.0007320161093957722
14,1.0,0.0004013878642581403,1.0,0.0006671115988865495
15,1.0,0.0003636909241322428,1.0,0.0006151818088255823
16,1.0,0.0003355017979629338,1.0,0.0005700887995772064
17,1.0,0.0003081072645727545,1.0,0.0005316860042512417
18,1.0,0.0002872284094337374,1.0,0.0004960132064297795
19,1.0,0.00026600633282214403,1.0,0.00046567933168262243
20,1.0,0.0002476357331033796,1.0,0.0004364967462606728
21,1.0,0.00023287242220249027,1.0,0.0004079860809724778
22,1.0,0.0002166856429539621,1.0,0.00038194391527213156
23,1.0,0.00020441075321286917,1.0,0.0003559200558811426
24,1.0,0.0001890579442260787,1.0,0.0003335863002575934
25,1.0,0.00017840875079855323,1.0,0.0003120636101812124
26,1.0,0.0001665868767304346,1.0,0.0002925871522165835
27,1.0,0.0001564940030220896,1.0,0.0002742336073424667
28,1.0,0.00014544832811225206,1.0,0.00025763356825336814
29,1.0,0.0001371916732750833,1.0,0.00024155825667548925
0,0.5067567825317383,0.6884745955467224,0.984375,0.5546375513076782
1,1.0,0.5349774360656738,0.96875,0.4394414722919464
2,0.9527027010917664,0.42930078506469727,0.96875,0.3457188308238983
3,0.9527027010917664,0.339881956577301,0.96875,0.2619510293006897
4,0.9797297120094299,0.25825536251068115,0.984375,0.18869641423225403
5,0.9932432174682617,0.18582428991794586,1.0,0.12937402725219727
6,1.0,0.1275181919336319,1.0,0.08427216112613678
7,1.0,0.082818403840065,1.0,0.05314783379435539
8,1.0,0.053263768553733826,1.0,0.033045001327991486
9,1.0,0.03327416256070137,1.0,0.02063528448343277
10,1.0,0.020734036341309547,1.0,0.013134494423866272
11,1.0,0.013407157734036446,1.0,0.008578035980463028
12,1.0,0.009071789681911469,1.0,0.005781342275440693
13,1.0,0.006104058586061001,1.0,0.0040410347282886505
14,1.0,0.004258112981915474,1.0,0.00292874313890934
15,1.0,0.0032164729200303555,1.0,0.002199170645326376
16,1.0,0.0024307426065206528,1.0,0.0017098193056881428
17,1.0,0.0018734460463747382,1.0,0.0013707828475162387
18,1.0,0.0015472776722162962,1.0,0.0011284113861620426
19,1.0,0.0012326622381806374,1.0,0.0009522864129394293
20,1.0,0.0010578797664493322,1.0,0.0008196565322577953
21,1.0,0.0009125231299549341,1.0,0.0007184319547377527
22,1.0,0.000804869516286999,1.0,0.0006399396806955338
23,1.0,0.0007076559704728425,1.0,0.0005779998609796166
24,1.0,0.0006484048790298402,1.0,0.0005281477933749557
25,1.0,0.000591058109421283,1.0,0.0004878598847426474
26,1.0,0.000540099514182657,1.0,0.0004548395227175206
27,1.0,0.0005052668857388198,1.0,0.0004270075005479157
28,1.0,0.00047677362454123795,1.0,0.00040330251795239747
29,1.0,0.0004450783599168062,1.0,0.00038313271943479776
0,0.7837837934494019,0.5785014629364014,0.96875,0.3812560439109802
1,0.9527027010917664,0.31122031807899475,0.96875,0.18695299327373505
2,0.9527027010917664,0.1482127606868744,0.96875,0.0814230740070343
3,0.9932432174682617,0.060464512556791306,1.0,0.03153790533542633
4,1.0,0.023351509124040604,1.0,0.013058659620583057
5,1.0,0.010179904289543629,1.0,0.006185476668179035
6,1.0,0.004986234474927187,1.0,0.0033756662160158157
7,1.0,0.0029392975848168135,1.0,0.002099784091114998
8,1.0,0.0018883455777540803,1.0,0.0014732794370502234
9,1.0,0.001395548926666379,1.0,0.001124762580730021
10,1.0,0.001096813241019845,1.0,0.0009136552689597011
11,1.0,0.0009030932560563087,1.0,0.0007794170523993671
12,1.0,0.0007754113175906241,1.0,0.0006879391148686409
13,1.0,0.0006812831270508468,1.0,0.0006223607924766839
14,1.0,0.0006248743156902492,1.0,0.0005691632977686822
15,1.0,0.0005683774361386895,1.0,0.0005271714180707932
16,1.0,0.0005269595421850681,1.0,0.0004914087476208806
17,1.0,0.0004931983421556652,1.0,0.0004602325498126447
18,1.0,0.00045951339416205883,1.0,0.0004339120932854712
19,1.0,0.00043142764479853213,1.0,0.0004106150008738041
20,1.0,0.0004066235851496458,1.0,0.0003894983674399555
21,1.0,0.00038630919880233705,1.0,0.000369560468243435
22,1.0,0.0003641487273853272,1.0,0.0003517604782246053
23,1.0,0.00034635825431905687,1.0,0.0003350394545122981
24,1.0,0.0003302918339613825,1.0,0.0003192658186890185
25,1.0,0.00031069532269611955,1.0,0.0003056821005884558
26,1.0,0.0002970521163661033,1.0,0.00029150856425985694
27,1.0,0.0002824566327035427,1.0,0.00027834041975438595
28,1.0,0.0002696717856451869,1.0,0.0002661005419213325
29,1.0,0.0002577046980150044,1.0,0.0002545336610637605
0,0.5810810923576355,0.6796137094497681,0.96875,0.5522316694259644
1,0.9527027010917664,0.5313143134117126,0.96875,0.44660210609436035
2,0.9527027010917664,0.431270033121109,0.96875,0.3567311763763428
3,0.9527027010917664,0.3439207375049591,0.96875,0.2766609191894531
4,0.9594594836235046,0.2647627890110016,0.984375,0.20599442720413208
5,0.9932432174682617,0.19524924457073212,1.0,0.14582018554210663
6,1.0,0.1373666524887085,1.0,0.0987342894077301
7,1.0,0.09171056747436523,1.0,0.06441942602396011
8,1.0,0.0596671998500824,1.0,0.04104385897517204
9,1.0,0.03773510828614235,1.0,0.025855060666799545
10,1.0,0.02349220961332321,1.0,0.016406813636422157
11,1.0,0.014868339523673058,1.0,0.010649358853697777
12,1.0,0.00972847081720829,1.0,0.0071317655965685844
13,1.0,0.006477305665612221,1.0,0.004961179569363594
14,1.0,0.004565478768199682,1.0,0.0035830698907375336
15,1.0,0.0032234909012913704,1.0,0.0026816553436219692
16,1.0,0.0024392835330218077,1.0,0.00207502325065434
17,1.0,0.0018779230304062366,1.0,0.0016560707008466125
18,1.0,0.0014696802245453,1.0,0.0013579489896073937
19,1.0,0.0012069509830325842,1.0,0.0011393793392926455
20,1.0,0.0010202027624472976,1.0,0.000976252369582653
21,1.0,0.0008677739533595741,1.0,0.0008524368749931455
22,1.0,0.0007602067780680954,1.0,0.000756412569899112
23,1.0,0.0006715690833516419,1.0,0.0006809331243857741
24,1.0,0.0006063439650461078,1.0,0.0006204753881320357
25,1.0,0.0005517640383914113,1.0,0.0005715287989005446
26,1.0,0.0005080869887024164,1.0,0.000531353522092104
27,1.0,0.00047242696746252477,1.0,0.0004979679360985756
28,1.0,0.0004428637330420315,1.0,0.0004699282580986619
29,1.0,0.0004168692685198039,1.0,0.0004460408235900104
0,0.8783783912658691,0.5782899856567383,0.96875,0.40352749824523926
1,0.9527027010917664,0.31885018944740295,0.96875,0.19899335503578186
2,0.9797297120094299,0.15071852505207062,0.96875,0.08884052187204361
3,0.9932432174682617,0.06616910547018051,1.0,0.03332298994064331
4,1.0,0.02416633628308773,1.0,0.014023259282112122
5,1.0,0.011356518603861332,1.0,0.0066499896347522736
6,1.0,0.00583876995369792,1.0,0.003720496315509081
7,1.0,0.003427838906645775,1.0,0.0023638319689780474
8,1.0,0.00218005757778883,1.0,0.0016656933585181832
9,1.0,0.0016120028449222445,1.0,0.0012610818957909942
10,1.0,0.0012354516657069325,1.0,0.0010159779340028763
11,1.0,0.0009908173233270645,1.0,0.0008564598392695189
12,1.0,0.0008355082827620208,1.0,0.0007446154486387968
13,1.0,0.0007256889948621392,1.0,0.0006608551484532654
14,1.0,0.0006454785470850766,1.0,0.0005951854400336742
15,1.0,0.0005793895688839257,1.0,0.0005429810844361782
16,1.0,0.0005301855271682143,1.0,0.0004980344674549997
17,1.0,0.0004778671427629888,1.0,0.00046199053758755326
18,1.0,0.00044478013296611607,1.0,0.0004291703808121383
19,1.0,0.0004097193304914981,1.0,0.00040026422357186675
20,1.0,0.00038133031921461225,1.0,0.0003741801483556628
21,1.0,0.0003546051448211074,1.0,0.00035128137096762657
22,1.0,0.00033162854379042983,1.0,0.0003297829534858465
23,1.0,0.00030963882454670966,1.0,0.0003102012269664556
24,1.0,0.0002905893779825419,1.0,0.00029198708944022655
25,1.0,0.000272571574896574,1.0,0.00027544843032956123
26,1.0,0.0002568009658716619,1.0,0.0002601751475594938
27,1.0,0.0002392609021626413,1.0,0.000246928830165416
28,1.0,0.00022722659923601896,1.0,0.00023361819330602884
29,1.0,0.00021430538618005812,1.0,0.00022154187900014222
0,0.054054055362939835,0.7934877872467041,0.609375,0.6791066527366638
1,0.8040540814399719,0.6532443165779114,0.953125,0.5744996070861816
2,0.9594594836235046,0.5535609126091003,0.953125,0.4818924069404602
3,0.9594594836235046,0.4623166620731354,0.953125,0.3956514596939087
4,0.9594594836235046,0.37775343656539917,0.953125,0.31711745262145996
5,0.9594594836235046,0.30035051703453064,0.953125,0.24631646275520325
6,0.9594594836235046,0.23123769462108612,0.953125,0.18508894741535187
7,0.9594594836235046,0.17202281951904297,0.984375,0.13328586518764496
8,0.9864864945411682,0.12416164577007294,1.0,0.09327108412981033
9,1.0,0.08609481900930405,1.0,0.06415699422359467
10,1.0,0.058229219168424606,1.0,0.043212100863456726
11,1.0,0.04003918543457985,1.0,0.02869083732366562
12,1.0,0.026851516216993332,1.0,0.019215308129787445
13,1.0,0.018283607438206673,1.0,0.013097571209073067
14,1.0,0.012603066861629486,1.0,0.009141978807747364
15,1.0,0.009228458628058434,1.0,0.006541648879647255
16,1.0,0.00681016081944108,1.0,0.004805498756468296
17,1.0,0.005121320020407438,1.0,0.003634328255429864
18,1.0,0.004001204390078783,1.0,0.0028231507167220116
19,1.0,0.0031926133669912815,1.0,0.002251021098345518
20,1.0,0.002575961407274008,1.0,0.0018406383460387588
21,1.0,0.002188295591622591,1.0,0.0015376046067103744
22,1.0,0.0018577156588435173,1.0,0.0013103317469358444
23,1.0,0.0016250105109065771,1.0,0.0011364782694727182
24,1.0,0.0014230195665732026,1.0,0.0010015623411163688
25,1.0,0.0012670258292928338,1.0,0.0008946546586230397
26,1.0,0.001147083705291152,1.0,0.0008086868328973651
27,1.0,0.0010505859972909093,1.0,0.0007388488156720996
28,1.0,0.0009677733178250492,1.0,0.0006812614155933261
29,1.0,0.000897791818715632,1.0,0.0006328956224024296
0,0.9324324131011963,0.48374754190444946,0.953125,0.30174916982650757
1,0.9594594836235046,0.22356697916984558,0.953125,0.13569782674312592
2,0.9594594836235046,0.09375803172588348,0.96875,0.05808736011385918
3,0.9932432174682617,0.039800215512514114,1.0,0.021783359348773956
4,1.0,0.015686601400375366,1.0,0.011354687623679638
5,1.0,0.008435437455773354,1.0,0.0064706215634942055
6,1.0,0.004956640303134918,1.0,0.0039081210270524025
7,1.0,0.0033245563972741365,1.0,0.0024825753644108772
8,1.0,0.002105927327647805,1.0,0.0017161989817395806
9,1.0,0.0014792046276852489,1.0,0.00125568185467273
10,1.0,0.0011655893176794052,1.0,0.0009416666580364108
11,1.0,0.0008826149278320372,1.0,0.0007480289204977453
12,1.0,0.0007267904002219439,1.0,0.0006181775825098157
13,1.0,0.0006192490109242499,1.0,0.0005267942324280739
14,1.0,0.0005351618747226894,1.0,0.0004590211028698832
15,1.0,0.00047827395610511303,1.0,0.0004055082390550524
16,1.0,0.0004296292318031192,1.0,0.0003633574233390391
17,1.0,0.0003911710809916258,1.0,0.00032831184216775
18,1.0,0.00036136843846179545,1.0,0.0002983242738991976
19,1.0,0.00032554887002334,1.0,0.00027548341313377023
20,1.0,0.0003015236579813063,1.0,0.000255053979344666
21,1.0,0.00028198075597174466,1.0,0.00023632468946743757
22,1.0,0.000261106644757092,1.0,0.00021946798369754106
23,1.0,0.000244388502324,1.0,0.0002043023705482483
24,1.0,0.0002283080102642998,1.0,0.00019015524594578892
25,1.0,0.00021455723617691547,1.0,0.00017711412510834634
26,1.0,0.00019959843484684825,1.0,0.00016471522394567728
27,1.0,0.0001852662826422602,1.0,0.00015392096247524023
28,1.0,0.0001751566887833178,1.0,0.00014282655320130289
29,1.0,0.0001647358585614711,1.0,0.00013308101915754378
0,0.12837837636470795,0.7966246604919434,0.921875,0.6390841007232666
1,0.8918918967247009,0.6267528533935547,0.9375,0.5333046913146973
2,0.9662162065505981,0.5123377442359924,0.9375,0.44407564401626587
3,0.9662162065505981,0.4193655550479889,0.9375,0.3634249269962311
4,0.9662162065505981,0.3369074761867523,0.9375,0.2899070680141449
5,0.9662162065505981,0.26121342182159424,0.9375,0.22466693818569183
6,0.9662162065505981,0.19515347480773926,0.9375,0.1709999442100525
7,0.9662162065505981,0.14073503017425537,0.9375,0.12667307257652283
8,0.9662162065505981,0.09926272928714752,0.96875,0.09107717871665955
9,1.0,0.06608304381370544,1.0,0.06367969512939453
10,1.0,0.04390855133533478,1.0,0.041825130581855774
11,1.0,0.02827650122344494,1.0,0.026925841346383095
12,1.0,0.018222466111183167,1.0,0.017587851732969284
13,1.0,0.011930318549275398,1.0,0.011967708356678486
14,1.0,0.008495754562318325,1.0,0.008485229685902596
15,1.0,0.005907878745347261,1.0,0.006282350514084101
16,1.0,0.004271034616976976,1.0,0.004817824345082045
17,1.0,0.003236999036744237,1.0,0.0038062590174376965
18,1.0,0.0024901898577809334,1.0,0.0030857750680297613
19,1.0,0.002020931337028742,1.0,0.002555644139647484
20,1.0,0.0016353767132386565,1.0,0.00216489564627409
21,1.0,0.0013639339013025165,1.0,0.0018695786129683256
22,1.0,0.0011619108263403177,1.0,0.0016430063406005502
23,1.0,0.001012071967124939,1.0,0.0014659722801297903
24,1.0,0.000879559782333672,1.0,0.0013257411774247885
25,1.0,0.0007899610791355371,1.0,0.0012118774466216564
26,1.0,0.0007206700975075364,1.0,0.0011184446047991514
27,1.0,0.00066213752143085,1.0,0.0010416361037641764
28,1.0,0.0006121702608652413,1.0,0.0009778791572898626
29,1.0,0.0005655020941048861,1.0,0.0009243842214345932
0,0.8445945978164673,0.5944762229919434,0.9375,0.4258028268814087
1,0.9662162065505981,0.32492148876190186,0.9375,0.24713538587093353
2,0.9662162065505981,0.1580403447151184,0.9375,0.141533762216568
3,0.9729729890823364,0.07197749614715576,0.96875,0.0672968178987503
4,1.0,0.029429227113723755,1.0,0.028134142979979515
5,1.0,0.01216568611562252,1.0,0.01246531680226326
6,1.0,0.005400500725954771,1.0,0.006648489739745855
7,1.0,0.002902344334870577,1.0,0.004122249782085419
8,1.0,0.0018570568645372987,1.0,0.002882694359868765
9,1.0,0.0013054079608991742,1.0,0.002209107391536236
10,1.0,0.0010247866157442331,1.0,0.0017980282427743077
11,1.0,0.0008166873012669384,1.0,0.001536175375804305
12,1.0,0.0007123511168174446,1.0,0.001349903061054647
13,1.0,0.00061422138242051,1.0,0.0012237044284120202
14,1.0,0.0005482858396135271,1.0,0.0011250681709498167
15,1.0,0.00049791723722592,1.0,0.0010426430962979794
16,1.0,0.0004588831216096878,1.0,0.0009725706186145544
17,1.0,0.0004233427462168038,1.0,0.0009150669793598354
18,1.0,0.0003913973632734269,1.0,0.0008636487764306366
19,1.0,0.00036554320831783116,1.0,0.0008199006551876664
20,1.0,0.00034580298233777285,1.0,0.0007768804207444191
21,1.0,0.0003228476853109896,1.0,0.0007393310661427677
22,1.0,0.00030468087061308324,1.0,0.0007040083874017
23,1.0,0.0002863854169845581,1.0,0.0006743324338458478
24,1.0,0.0002722780336625874,1.0,0.000639159232378006
25,1.0,0.00025694709620438516,1.0,0.0006093547563068569
26,1.0,0.00024323802790604532,1.0,0.0005828607245348394
27,1.0,0.00022988877026364207,1.0,0.0005567030748352408
28,1.0,0.00021818945242557675,1.0,0.0005336775211617351
29,1.0,0.00020876787311863154,1.0,0.000511731137521565
0,0.8040540814399719,0.6565473675727844,0.96875,0.5383555889129639
1,0.9527027010917664,0.515137255191803,0.96875,0.416230708360672
2,0.9527027010917664,0.39952516555786133,0.96875,0.31186291575431824
3,0.9527027010917664,0.29874420166015625,0.96875,0.22594688832759857
4,0.9729729890823364,0.21439433097839355,0.96875,0.1585395634174347
5,0.9797297120094299,0.14729075133800507,0.96875,0.10794644057750702
6,0.9932432174682617,0.09603564441204071,1.0,0.07055521011352539
7,1.0,0.059668365865945816,1.0,0.04429260641336441
8,1.0,0.036683980375528336,1.0,0.028018580749630928
9,1.0,0.02204706147313118,1.0,0.018272321671247482
10,1.0,0.014404389075934887,1.0,0.01215587928891182
11,1.0,0.009115620516240597,1.0,0.00839965045452118
12,1.0,0.0060739838518202305,1.0,0.00600525364279747
13,1.0,0.0043117026798427105,1.0,0.004426936618983746
14,1.0,0.0031370690558105707,1.0,0.0033790264278650284
15,1.0,0.0022558674681931734,1.0,0.0026597040705382824
16,1.0,0.0017804164672270417,1.0,0.002144058234989643
17,1.0,0.0014024319825693965,1.0,0.001771360170096159
18,1.0,0.0011528203031048179,1.0,0.0014951700577512383
19,1.0,0.0009465692564845085,1.0,0.0012873427476733923
20,1.0,0.0008206902421079576,1.0,0.0011270481627434492
21,1.0,0.0007035970920696855,1.0,0.0010027490789070725
22,1.0,0.0006173874717205763,1.0,0.0009035089751705527
23,1.0,0.0005597183480858803,1.0,0.0008231626125052571
24,1.0,0.0005038125673308969,1.0,0.0007582479156553745
25,1.0,0.0004588944429997355,1.0,0.0007046046666800976
26,1.0,0.00042861318797804415,1.0,0.0006593959406018257
27,1.0,0.0003960723406635225,1.0,0.0006215018802322447
28,1.0,0.00037557067116722465,1.0,0.0005889355670660734
29,1.0,0.0003518839366734028,1.0,0.0005611687665805221
0,0.8108108043670654,0.5930813550949097,0.984375,0.40085268020629883
1,0.9864864945411682,0.3194989264011383,0.96875,0.19517505168914795
2,0.9594594836235046,0.1554664671421051,1.0,0.08154235780239105
3,1.0,0.06231248006224632,1.0,0.03157486021518707
4,1.0,0.021973831579089165,1.0,0.013135825283825397
5,1.0,0.00886120367795229,1.0,0.006522500887513161
6,1.0,0.003890464548021555,1.0,0.003819527104496956
7,1.0,0.0023197296541184187,1.0,0.0024836761876940727
8,1.0,0.0014248084044083953,1.0,0.0017787858378142118
9,1.0,0.0009987464873120189,1.0,0.0013642612611874938
10,1.0,0.0007605170249007642,1.0,0.0010985108092427254
11,1.0,0.0006105257198214531,1.0,0.0009217845508828759
12,1.0,0.000504887371789664,1.0,0.0007976702181622386
13,1.0,0.0004425699880812317,1.0,0.0006993444985710084
14,1.0,0.0003827634500339627,1.0,0.0006243344978429377
15,1.0,0.00034579585189931095,1.0,0.0005607359344139695
16,1.0,0.0003056588175240904,1.0,0.0005120594869367778
17,1.0,0.00028280046535655856,1.0,0.00046733455383218825
18,1.0,0.00025426383945159614,1.0,0.0004303072637412697
19,1.0,0.0002351564762648195,1.0,0.00039611628744751215
20,1.0,0.00021456196554936469,1.0,0.000367284519597888
21,1.0,0.00020088418386876583,1.0,0.00033931300276890397
22,1.0,0.00018182220810558647,1.0,0.00031766685424372554
23,1.0,0.00017094121722038835,1.0,0.00029385663219727576
24,1.0,0.000158468188601546,1.0,0.00027331983437761664
25,1.0,0.00014941778499633074,1.0,0.00025272334460169077
26,1.0,0.00013740142458118498,1.0,0.00023627292830497026
27,1.0,0.0001294157118536532,1.0,0.00022088040714152157
28,1.0,0.00012015349057037383,1.0,0.00020799442427232862
29,1.0,0.00011303584324195981,1.0,0.00019625488494057208
0,0.18918919563293457,0.7663137912750244,0.859375,0.6048061847686768
1,0.9054054021835327,0.591948926448822,0.96875,0.4650452136993408
2,0.9594594836235046,0.46476709842681885,0.953125,0.3541417717933655
3,0.9594594836235046,0.3571544587612152,0.953125,0.262966513633728
4,0.9594594836235046,0.26485300064086914,0.953125,0.18942153453826904
5,0.9594594836235046,0.1913979947566986,0.984375,0.1319344937801361
6,0.9864864945411682,0.13331790268421173,0.984375,0.08887412399053574
7,1.0,0.09032861143350601,1.0,0.05723138898611069
8,1.0,0.059135474264621735,1.0,0.03627505898475647
9,1.0,0.03812640905380249,1.0,0.0228947214782238
10,1.0,0.024709155783057213,1.0,0.014645662158727646
11,1.0,0.016133498400449753,1.0,0.009599115699529648
12,1.0,0.01092775259166956,1.0,0.006459890864789486
13,1.0,0.007367540150880814,1.0,0.004493864253163338
14,1.0,0.005297188647091389,1.0,0.0032335896976292133
15,1.0,0.003922377247363329,1.0,0.0024119289591908455
16,1.0,0.002928887726739049,1.0,0.0018650233978405595
17,1.0,0.002326852874830365,1.0,0.0014867288991808891
18,1.0,0.0018126975046470761,1.0,0.0012186991516500711
19,1.0,0.0015314543852582574,1.0,0.0010224806610494852
20,1.0,0.0012630808632820845,1.0,0.0008773758308961987
21,1.0,0.00108816206920892,1.0,0.000766787794418633
22,1.0,0.0009540518512949347,1.0,0.0006815133383497596
23,1.0,0.0008402490057051182,1.0,0.0006148472311906517
24,1.0,0.0007529610302299261,1.0,0.0005617551505565643
25,1.0,0.0006891457596793771,1.0,0.0005188476643525064
26,1.0,0.000633729447145015,1.0,0.00048382312525063753
27,1.0,0.0005899299867451191,1.0,0.0004550287558231503
28,1.0,0.0005468868184834719,1.0,0.0004308975185267627
29,1.0,0.0005199641454964876,1.0,0.00041023758240044117
0,0.8918918967247009,0.5495298504829407,0.953125,0.35475262999534607
1,0.9594594836235046,0.27387136220932007,0.953125,0.15568703413009644
2,0.9864864945411682,0.1152411550283432,1.0,0.05831032991409302
3,1.0,0.03955180197954178,1.0,0.01888747327029705
4,1.0,0.015355775132775307,1.0,0.006574227474629879
5,1.0,0.006059418898075819,1.0,0.0030693640001118183
6,1.0,0.0031048834789544344,1.0,0.0017427324783056974
7,1.0,0.0018734324257820845,1.0,0.0011503066634759307
8,1.0,0.0012794031063094735,1.0,0.0008484433637931943
9,1.0,0.000984612968750298,1.0,0.0006764078279957175
10,1.0,0.0007874787552282214,1.0,0.0005712107522413135
11,1.0,0.0006651615840382874,1.0,0.0005018578376621008
12,1.0,0.0005830934969708323,1.0,0.00045208437950350344
13,1.0,0.000528588134329766,1.0,0.00041393761057406664
14,1.0,0.00047681675641797483,1.0,0.0003850531647913158
15,1.0,0.000445688288891688,1.0,0.00035982835106551647
16,1.0,0.00041228276677429676,1.0,0.0003387122123967856
17,1.0,0.0003850358189083636,1.0,0.00031986046815291047
18,1.0,0.000362165184924379,1.0,0.0003026766935363412
19,1.0,0.00034184445394203067,1.0,0.00028731179190799594
20,1.0,0.00032174261286854744,1.0,0.00027305513503961265
21,1.0,0.0003058199945371598,1.0,0.00025992796872742474
22,1.0,0.00028755803941749036,1.0,0.00024709111312404275
23,1.0,0.00027214386500418186,1.0,0.0002357761695748195
24,1.0,0.0002573097590357065,1.0,0.0002256570296594873
25,1.0,0.0002477160596754402,1.0,0.00021462823497131467
26,1.0,0.0002320531930308789,1.0,0.00020543017308227718
27,1.0,0.00022099571651779115,1.0,0.00019681217963807285
28,1.0,0.0002108975750161335,1.0,0.00018873182125389576
29,1.0,0.00020031229360029101,1.0,0.00018105778144672513
0,0.31081080436706543,0.7342389225959778,0.953125,0.5916420221328735
1,0.9594594836235046,0.5825993418693542,0.953125,0.47735336422920227
2,0.9594594836235046,0.46920424699783325,0.953125,0.3862929344177246
3,0.9594594836235046,0.3770919442176819,0.953125,0.308849036693573
4,0.9594594836235046,0.295766144990921,0.953125,0.24069583415985107
5,0.9594594836235046,0.2259928286075592,0.953125,0.18185770511627197
6,0.9594594836235046,0.16706328094005585,0.953125,0.1337672621011734
7,0.9594594836235046,0.11868992447853088,0.96875,0.09605766832828522
8,0.9729729890823364,0.08364499360322952,0.96875,0.06665464490652084
9,0.9932432174682617,0.05872513726353645,1.0,0.045811302959918976
10,1.0,0.03974881023168564,1.0,0.03167682886123657
11,1.0,0.028738945722579956,1.0,0.021748874336481094
12,1.0,0.020242756232619286,1.0,0.015182608738541603
13,1.0,0.01430414617061615,1.0,0.010828066617250443
14,1.0,0.009985556825995445,1.0,0.007907718420028687
15,1.0,0.007545982487499714,1.0,0.005873627960681915
16,1.0,0.005631613545119762,1.0,0.004476306959986687
17,1.0,0.00442294217646122,1.0,0.0034810579381883144
18,1.0,0.0034130585845559835,1.0,0.0027701361104846
19,1.0,0.0027805722784250975,1.0,0.0022471104748547077
20,1.0,0.0022624796256422997,1.0,0.0018606192898005247
21,1.0,0.00189759221393615,1.0,0.0015701563097536564
22,1.0,0.001612436375580728,1.0,0.001349583500996232
23,1.0,0.001387431868351996,1.0,0.0011794616002589464
24,1.0,0.001212308881804347,1.0,0.0010454508010298014
25,1.0,0.0010712253861129284,1.0,0.0009378822869621217
26,1.0,0.0009764161077328026,1.0,0.0008499408140778542
27,1.0,0.0008735580486245453,1.0,0.0007782743778079748
28,1.0,0.0008051281911320984,1.0,0.0007179569220170379
29,1.0,0.0007382260519079864,1.0,0.0006672923918813467
0,0.7567567825317383,0.570132851600647,0.953125,0.3590405583381653
1,0.9594594836235046,0.2635110020637512,0.953125,0.17399239540100098
2,0.9594594836235046,0.11373387277126312,0.96875,0.07322670519351959
3,0.9932432174682617,0.042316947132349014,1.0,0.024465471506118774
4,1.0,0.016543565317988396,1.0,0.009973980486392975
5,1.0,0.007528462912887335,1.0,0.004705667495727539
6,1.0,0.003943214658647776,1.0,0.0026785985101014376
7,1.0,0.0024276121985167265,1.0,0.0017383956583216786
8,1.0,0.001680954359471798,1.0,0.0012497857678681612
9,1.0,0.0012664856621995568,1.0,0.0009670312865637243
10,1.0,0.0010113839525729418,1.0,0.0007914752932265401
11,1.0,0.0008399492362514138,1.0,0.0006752992630936205
12,1.0,0.0007219003164209425,1.0,0.0005918889655731618
13,1.0,0.0006369398906826973,1.0,0.0005293212016113102
14,1.0,0.000572339107748121,1.0,0.0004790317907463759
15,1.0,0.0005192497628740966,1.0,0.00043880182784050703
16,1.0,0.0004796636349055916,1.0,0.00040422732126899064
17,1.0,0.0004410683177411556,1.0,0.0003749432216864079
18,1.0,0.00040899761370383203,1.0,0.0003495358396321535
19,1.0,0.00038083738763816655,1.0,0.00032703575561754405
20,1.0,0.0003545402141753584,1.0,0.0003074389533139765
21,1.0,0.0003327284357510507,1.0,0.0002894072968047112
22,1.0,0.0003118979511782527,1.0,0.00027349882293492556
23,1.0,0.0002936989476438612,1.0,0.0002581167209427804
24,1.0,0.00027737999334931374,1.0,0.00024332434986718
25,1.0,0.0002615488483570516,1.0,0.00023020899971015751
26,1.0,0.0002470881736371666,1.0,0.00021841030684299767
27,1.0,0.00023331296688411385,1.0,0.00020798627519980073
28,1.0,0.00022168495343066752,1.0,0.00019823283946607262
29,1.0,0.00021034330711700022,1.0,0.00018935611296910793
0,0.8513513803482056,0.6456228494644165,0.984375,0.5316896438598633
1,0.9527027010917664,0.5176774859428406,0.984375,0.4158754348754883
2,0.9662162065505981,0.4054419994354248,0.984375,0.31098809838294983
3,0.9594594836235046,0.3072732090950012,0.984375,0.2227385938167572
4,0.9662162065505981,0.2245851457118988,0.984375,0.15186117589473724
5,0.9797297120094299,0.15818123519420624,1.0,0.09949757158756256
6,0.9932432174682617,0.10774759203195572,1.0,0.06362158060073853
7,1.0,0.07154320180416107,1.0,0.04014452546834946
8,1.0,0.04602454975247383,1.0,0.025248005986213684
9,1.0,0.0294937901198864,1.0,0.016101032495498657
10,1.0,0.019405893981456757,1.0,0.010497896000742912
11,1.0,0.012683914043009281,1.0,0.007033339701592922
12,1.0,0.008623078465461731,1.0,0.004856073297560215
13,1.0,0.005939679220318794,1.0,0.0034773782826960087
14,1.0,0.004359741695225239,1.0,0.0025760349817574024
15,1.0,0.0032507721334695816,1.0,0.001971819903701544
16,1.0,0.002510698977857828,1.0,0.0015546903014183044
17,1.0,0.0020008825231343508,1.0,0.0012591565027832985
18,1.0,0.0016224128194153309,1.0,0.0010452501010149717
19,1.0,0.0013414246495813131,1.0,0.0008875220082700253
20,1.0,0.0011414375621825457,1.0,0.0007677121320739388
21,1.0,0.0009787949966266751,1.0,0.0006752569461241364
22,1.0,0.0008719941833987832,1.0,0.0006021160515956581
23,1.0,0.0007729732897132635,1.0,0.0005439470405690372
24,1.0,0.0006955611170269549,1.0,0.0004969262517988682
25,1.0,0.0006372042698785663,1.0,0.00045831070747226477
26,1.0,0.000589852686971426,1.0,0.0004263478913344443
27,1.0,0.0005484697758220136,1.0,0.00039956398541107774
28,1.0,0.0005095627857372165,1.0,0.000376924523152411
29,1.0,0.0004839187313336879,1.0,0.0003573125577531755
0,0.9459459185600281,0.5332491397857666,0.984375,0.33532026410102844
1,0.9459459185600281,0.2886130213737488,0.984375,0.15439283847808838
2,0.9797297120094299,0.13496476411819458,1.0,0.05792694538831711
3,1.0,0.05283118411898613,1.0,0.020767470821738243
4,1.0,0.020176058635115623,1.0,0.008162053301930428
5,1.0,0.007768501993268728,1.0,0.003733695950359106
6,1.0,0.0036584993358701468,1.0,0.002023317851126194
7,1.0,0.002202665666118264,1.0,0.0012416787212714553
8,1.0,0.0013609178131446242,1.0,0.0008641447639092803
9,1.0,0.0009712415630929172,1.0,0.0006564316572621465
10,1.0,0.0007736547267995775,1.0,0.0005276151932775974
11,1.0,0.0006284630508162081,1.0,0.0004456676833797246
12,1.0,0.0005403351387940347,1.0,0.000388871761970222
13,1.0,0.00047307880595326424,1.0,0.00034786673495545983
14,1.0,0.00042865134309977293,1.0,0.0003151545242872089
15,1.0,0.0003876236150972545,1.0,0.00028916102019138634
16,1.0,0.0003554949362296611,1.0,0.0002678539021871984
17,1.0,0.00032934878254309297,1.0,0.00024849639157764614
18,1.0,0.00030793389305472374,1.0,0.00023065964342094958
19,1.0,0.0002853152109310031,1.0,0.00021537939028348774
20,1.0,0.0002659853780642152,1.0,0.00020152152865193784
21,1.0,0.0002502014394849539,1.0,0.00018860376439988613
22,1.0,0.00023397528275381774,1.0,0.0001774506235960871
23,1.0,0.00021985349303577095,1.0,0.0001672711514402181
24,1.0,0.00020720652537420392,1.0,0.00015776279906276613
25,1.0,0.00019559114298317581,1.0,0.0001485215179855004
26,1.0,0.00018468544294591993,1.0,0.00013980179210193455
27,1.0,0.00017261011817026883,1.0,0.00013255602971185
28,1.0,0.00016389177471864969,1.0,0.00012540940952021629
29,1.0,0.00015488979988731444,1.0,0.00011873539187945426
0,0.9662162065505981,0.6066411733627319,0.953125,0.5188933610916138
1,0.9594594836235046,0.4722730219364166,0.953125,0.4201614260673523
2,0.9594594836235046,0.3759690225124359,0.953125,0.3381386399269104
3,0.9594594836235046,0.2900288701057434,0.953125,0.2610724866390228
4,0.9594594836235046,0.21638602018356323,0.953125,0.19342002272605896
5,0.9594594836235046,0.15385039150714874,0.953125,0.13632510602474213
6,0.9729729890823364,0.10327800363302231,1.0,0.09135311841964722
7,1.0,0.06579745560884476,1.0,0.05943106487393379
8,1.0,0.0407600998878479,1.0,0.03826703876256943
9,1.0,0.025321919471025467,1.0,0.024763382971286774
10,1.0,0.015710817649960518,1.0,0.01629939116537571
11,1.0,0.010177034884691238,1.0,0.011014140211045742
12,1.0,0.0066734803840518,1.0,0.007665483746677637
13,1.0,0.004431894514709711,1.0,0.005495267920196056
14,1.0,0.003121946007013321,1.0,0.004056229256093502
15,1.0,0.0022045655641704798,1.0,0.0030971956439316273
16,1.0,0.001622217008844018,1.0,0.0024338671937584877
17,1.0,0.0012565427459776402,1.0,0.0019614212214946747
18,1.0,0.0009592127171345055,1.0,0.0016216551885008812
19,1.0,0.0007912134169600904,1.0,0.0013696413952857256
20,1.0,0.0006435110699385405,1.0,0.0011809945572167635
21,1.0,0.0005524540320038795,1.0,0.0010366968344897032
22,1.0,0.000482563569676131,1.0,0.000924723397474736
23,1.0,0.0004191681509837508,1.0,0.0008369930437766016
24,1.0,0.00037825899198651314,1.0,0.0007663917494937778
25,1.0,0.0003396610845811665,1.0,0.0007092580199241638
26,1.0,0.00031220921664498746,1.0,0.000661935075186193
27,1.0,0.00028999726055189967,1.0,0.0006222906522452831
28,1.0,0.0002704257203731686,1.0,0.0005890281754545867
29,1.0,0.00025478514726273715,1.0,0.0005607596249319613
0,0.837837815284729,0.5833791494369507,0.953125,0.44189125299453735
1,0.9594594836235046,0.34469881653785706,0.953125,0.2516935467720032
2,0.9594594836235046,0.1824706494808197,0.953125,0.1297893524169922
3,0.9729729890823364,0.0848064199090004,1.0,0.05581064522266388
4,1.0,0.035465698689222336,1.0,0.024455197155475616
5,1.0,0.014906397089362144,1.0,0.012140636332333088
6,1.0,0.007010972127318382,1.0,0.006927617825567722
7,1.0,0.004039888270199299,1.0,0.004448266699910164
8,1.0,0.002413893584161997,1.0,0.003168326336890459
9,1.0,0.0017726641381159425,1.0,0.0024211909621953964
10,1.0,0.001293277251534164,1.0,0.0019724650774151087
11,1.0,0.0010368485236540437,1.0,0.001680274261161685
12,1.0,0.0008639249135740101,1.0,0.0014793893788009882
13,1.0,0.0007640497060492635,1.0,0.0013245876180008054
14,1.0,0.0006786846206523478,1.0,0.0012063323520123959
15,1.0,0.0006136786541901529,1.0,0.0011093545472249389
16,1.0,0.0005614710389636457,1.0,0.001029607024975121
17,1.0,0.0005171920056454837,1.0,0.0009610229753889143
18,1.0,0.0004773695836775005,1.0,0.0009031047811731696
19,1.0,0.0004455422458704561,1.0,0.00084757583681494
20,1.0,0.00041539434459991753,1.0,0.0007954844040796161
21,1.0,0.00038792029954493046,1.0,0.0007484586676582694
22,1.0,0.0003628167905844748,1.0,0.00070444296579808
23,1.0,0.0003423903835937381,1.0,0.0006627506809309125
24,1.0,0.0003198969061486423,1.0,0.0006262132665142417
25,1.0,0.00030079178395681083,1.0,0.0005920609692111611
26,1.0,0.00028349997592158616,1.0,0.0005591830122284591
27,1.0,0.0002667509252205491,1.0,0.0005284463404677808
28,1.0,0.0002507536846678704,1.0,0.0004998651565983891
29,1.0,0.00023504656564909965,1.0,0.00047400782932527363
0,0.5810810923576355,0.6699361801147461,0.96875,0.5190446376800537
1,0.9527027010917664,0.5160980224609375,0.96875,0.39602354168891907
2,0.9527027010917664,0.39866799116134644,0.96875,0.2945703864097595
3,0.9527027010917664,0.3019888401031494,0.96875,0.21388359367847443
4,0.9527027010917664,0.224674791097641,0.96875,0.15296074748039246
5,0.9527027010917664,0.16243743896484375,0.96875,0.10775808244943619
6,0.9864864945411682,0.11550004780292511,0.96875,0.07321237772703171
7,0.9864864945411682,0.07776905596256256,1.0,0.0468306764960289
8,1.0,0.05051892623305321,1.0,0.02793986350297928
9,1.0,0.0320887491106987,1.0,0.016247741878032684
10,1.0,0.020884597674012184,1.0,0.009712901897728443
11,1.0,0.014243167825043201,1.0,0.006003513932228088
12,1.0,0.009779412299394608,1.0,0.0039019344840198755
13,1.0,0.006849628873169422,1.0,0.0026526155415922403
14,1.0,0.005187011323869228,1.0,0.0018700521904975176
15,1.0,0.003992263227701187,1.0,0.0013680730480700731
16,1.0,0.0031207555439323187,1.0,0.0010369918309152126
17,1.0,0.0024934664834290743,1.0,0.0008084781584329903
18,1.0,0.0020705428905785084,1.0,0.0006464585894718766
19,1.0,0.00170703895855695,1.0,0.0005293893627822399
20,1.0,0.0014871483435854316,1.0,0.00044220348354429007
21,1.0,0.0012965223286300898,1.0,0.0003767434973269701
22,1.0,0.001132106757722795,1.0,0.00032682696473784745
23,1.0,0.001011681160889566,1.0,0.0002876371727325022
24,1.0,0.0009037450654432178,1.0,0.0002564196474850178
25,1.0,0.0008324485388584435,1.0,0.00023098393285181373
26,1.0,0.0007663475116714835,1.0,0.00021022267173975706
27,1.0,0.0007002268102951348,1.0,0.00019315441022627056
28,1.0,0.0006539581809192896,1.0,0.00017866858979687095
29,1.0,0.0006146823870949447,1.0,0.00016634573694318533
0,0.9527027010917664,0.48580029606819153,0.96875,0.28281688690185547
1,0.9594594836235046,0.23192982375621796,0.984375,0.1140267476439476
2,1.0,0.09513994306325912,1.0,0.03883970156311989
3,1.0,0.034294743090867996,1.0,0.012719294056296349
4,1.0,0.012773193418979645,1.0,0.004734362009912729
5,1.0,0.0059919292107224464,1.0,0.0020502512343227863
6,1.0,0.0030336601193994284,1.0,0.0010854776483029127
7,1.0,0.00184863421600312,1.0,0.0006692442111670971
8,1.0,0.0012179547920823097,1.0,0.00046790705528110266
9,1.0,0.0009023003512993455,1.0,0.00035924959229305387
10,1.0,0.0007143134716898203,1.0,0.00029581290436908603
11,1.0,0.0005874177441000938,1.0,0.00025249121244996786
12,1.0,0.0005108552286401391,1.0,0.00022211941541172564
13,1.0,0.000460113282315433,1.0,0.00019676252850331366
14,1.0,0.00041010515997186303,1.0,0.0001776068820618093
15,1.0,0.00037381943548098207,1.0,0.00016295477689709514
16,1.0,0.00034015323035418987,1.0,0.00015105868806131184
17,1.0,0.00031719377147965133,1.0,0.00014032298349775374
18,1.0,0.00029282632749527693,1.0,0.00013084590318612754
19,1.0,0.000273489102255553,1.0,0.00012221786892041564
20,1.0,0.0002543357259128243,1.0,0.00011450817692093551
21,1.0,0.00023897294886410236,1.0,0.0001077832275768742
22,1.0,0.00022252097551245242,1.0,0.00010176491923630238
23,1.0,0.000207314093131572,1.0,9.525458153802902e-05
24,1.0,0.00019760875147767365,1.0,8.962256833910942e-05
25,1.0,0.00018328269652556628,1.0,8.475698996335268e-05
26,1.0,0.0001741635933285579,1.0,8.002702088560909e-05
27,1.0,0.00016359427536372095,1.0,7.596109207952395e-05
28,1.0,0.00015407420869451016,1.0,7.22969853086397e-05
29,1.0,0.00014662496687378734,1.0,6.870354991406202e-05
